,pop,fips
0,26036.0,1099
1,43779.0,1079
2,47564.0,1081
3,35719.0,1093
4,36220.0,1107
5,21663.0,1119
6,49321.0,1073
7,32122.0,1023
8,39501.0,1059
9,32255.0,1091
10,38988.0,1113
11,40041.0,1019
12,39467.0,1039
13,38937.0,1041
14,30065.0,1047
15,44888.0,1077
16,29785.0,1085
17,32308.0,1087
18,52831.0,1083
19,74063.0,1117
20,53483.0,1115
21,35362.0,1133
22,52562.0,1003
23,40997.0,1043
24,54981.0,1051
25,42803.0,1069
26,39281.0,1071
27,39219.0,1121
28,50513.0,1125
29,42185.0,1129
30,37287.0,1027
31,49821.0,1031
32,47529.0,1103
33,35684.0,1109
34,43501.0,1021
35,45477.0,1033
36,34792.0,1037
37,44711.0,1045
38,34679.0,1065
39,42064.0,1055
40,38842.0,1049
41,35026.0,1053
42,36016.0,1075
43,39485.0,1111
44,36326.0,1013
45,45802.0,1097
46,30434.0,1035
47,22973.0,1105
48,38872.0,1127
49,37396.0,1029
50,20954.0,1063
51,33368.0,1005
52,43404.0,1007
53,29655.0,1011
54,43686.0,1015
55,37342.0,1017
56,33827.0,1025
57,36541.0,1057
58,46545.0,1101
59,41104.0,1095
60,47412.0,1009
61,45569.0,1067
62,61318.0,1089
63,55317.0,1001
64,42181.0,1123
65,39293.0,1061
66,27012.0,1131
67,74167.0,2150
68,83295.0,2068
69,86019.0,2261
70,65279.0,2122
71,85192.0,2016
72,79500.0,2060
73,61533.0,2188
74,53853.0,2050
75,77266.0,2185
76,70765.0,2220
77,76250.0,2090
78,67321.0,2130
79,74887.0,2170
80,64583.0,2282
81,53821.0,2180
82,58708.0,2070
83,70640.0,2100
84,90749.0,2110
85,45208.0,2164
86,63866.0,2240
87,37819.0,2290
88,82271.0,2020
89,66607.0,2013
90,52114.0,2198
91,56094.0,2275
92,57900.0,2105
93,70673.0,2230
94,63490.0,2195
95,36468.0,2158
96,48676.0,4019
97,58580.0,4013
98,41179.0,4007
99,48173.0,4009
100,39630.0,4023
101,47847.0,4003
102,36479.0,4012
103,41567.0,4015
104,32360.0,4001
105,53523.0,4005
106,48259.0,4025
107,43253.0,4027
108,56298.0,4011
109,38798.0,4017
110,52628.0,4021
111,44074.0,5145
112,36995.0,5099
113,33102.0,5123
114,48850.0,5119
115,32219.0,5021
116,41081.0,5037
117,35794.0,5039
118,36092.0,5043
119,37072.0,5027
120,35930.0,5121
121,58985.0,5125
122,34428.0,5141
123,40727.0,5009
124,39135.0,5065
125,39945.0,5063
126,38873.0,5079
127,37982.0,5083
128,49968.0,5053
129,38558.0,5035
130,39472.0,5047
131,50316.0,5045
132,36893.0,5109
133,37630.0,5069
134,36113.0,5089
135,35252.0,5097
136,37396.0,5127
137,36716.0,5129
138,40932.0,5131
139,43504.0,5033
140,61271.0,5007
141,32412.0,5017
142,40626.0,5059
143,35758.0,5071
144,27901.0,5077
145,42894.0,5087
146,27036.0,5041
147,36051.0,5049
148,34851.0,5061
149,41672.0,5051
150,36417.0,5093
151,40668.0,5115
152,41244.0,5117
153,41106.0,5139
154,30097.0,5147
155,42312.0,5023
156,44840.0,5025
157,32783.0,5067
158,38701.0,5057
159,31792.0,5135
160,33091.0,5137
161,47452.0,5143
162,45566.0,5055
163,40072.0,5005
164,36407.0,5003
165,45672.0,5031
166,32500.0,5073
167,46168.0,5105
168,39696.0,5149
169,26652.0,5107
170,37487.0,5111
171,43675.0,5133
172,37225.0,5013
173,37144.0,5019
174,36310.0,5011
175,37603.0,5075
176,31584.0,5095
177,33870.0,5113
178,39638.0,5029
179,32136.0,5103
180,38134.0,5101
181,38532.0,5001
182,36963.0,5081
183,57290.0,5085
184,39686.0,5015
185,41862.0,5091
186,39296.0,6049
187,46338.0,6047
188,40446.0,6033
189,51385.0,6043
190,51776.0,6115
191,88456.0,6013
192,51500.0,6027
193,54083.0,6035
194,54260.0,6099
195,68023.0,6083
196,71769.0,6097
197,42512.0,6103
198,44779.0,6025
199,60595.0,6051
200,80760.0,6069
201,85743.0,6001
202,60239.0,6067
203,74885.0,6017
204,79637.0,6055
205,70588.0,6073
206,63249.0,6053
207,96265.0,6075
208,44190.0,6091
209,44871.0,6107
210,61621.0,6113
211,43718.0,6023
212,60610.0,6057
213,63438.0,6003
214,48210.0,6039
215,46528.0,6045
216,73663.0,6087
217,36563.0,6105
218,61015.0,6037
219,60807.0,6065
220,57156.0,6071
221,106761.0,6085
222,104703.0,6041
223,80488.0,6061
224,40884.0,6093
225,47258.0,6089
226,72950.0,6095
227,41287.0,6015
228,56481.0,6011
229,46260.0,6021
230,46516.0,6007
231,49742.0,6031
232,50266.0,6063
233,67175.0,6079
234,48730.0,6019
235,50826.0,6029
236,81851.0,6059
237,81972.0,6111
238,54800.0,6009
239,54347.0,6101
240,105667.0,6081
241,54325.0,6109
242,57813.0,6077
243,60636.0,6005
244,29000.0,8023
245,64087.0,8001
246,35657.0,8021
247,41330.0,8027
248,111154.0,8035
249,83803.0,8037
250,46176.0,8065
251,62533.0,8067
252,53010.0,8081
253,67755.0,8097
254,38534.0,8105
255,54907.0,8017
256,32500.0,8011
257,35292.0,8025
258,40352.0,8033
259,46397.0,8111
260,45994.0,8057
261,64980.0,8069
262,44876.0,8075
263,45645.0,8083
264,62243.0,8113
265,66809.0,8119
266,44668.0,8125
267,75669.0,8013
268,92849.0,8039
269,40586.0,8071
270,44725.0,8073
271,68534.0,8019
272,67472.0,8107
273,73538.0,8117
274,36315.0,8003
275,42487.0,8029
276,44712.0,8043
277,42386.0,8101
278,44865.0,8085
279,51456.0,8087
280,61644.0,8093
281,34765.0,8109
282,51971.0,8077
283,41740.0,8099
284,53056.0,8053
285,62535.0,8041
286,51458.0,8121
287,66489.0,8049
288,69553.0,8005
289,35051.0,8089
290,50076.0,8095
291,48016.0,8007
292,60098.0,8031
293,39250.0,8061
294,35801.0,8055
295,35898.0,8009
296,53762.0,8015
297,72544.0,8047
298,45881.0,8063
299,66503.0,8045
300,52651.0,8051
301,75170.0,8059
302,50385.0,8079
303,61333.0,8091
304,57991.0,8103
305,49583.0,8115
306,66489.0,8123
307,85639.0,8014
308,64872.0,9009
309,76438.0,9005
310,69936.0,9003
311,62553.0,9015
312,69411.0,9011
313,81673.0,9007
314,81312.0,9013
315,89773.0,9001
316,68336.0,10003
317,57901.0,10005
318,57647.0,10001
319,77649.0,11001
320,62731.0,12113
321,53408.0,12081
322,40574.0,12017
323,36554.0,12075
324,59506.0,12003
325,43838.0,12127
326,49941.0,12073
327,54895.0,12011
328,31816.0,12079
329,63030.0,12087
330,47361.0,12033
331,44324.0,12053
332,53742.0,12057
333,59955.0,12091
334,37188.0,12123
335,57866.0,12129
336,36989.0,12133
337,51296.0,12031
338,46106.0,12007
339,51536.0,12009
340,61971.0,12019
341,41512.0,12067
342,49734.0,12069
343,64294.0,12089
344,48968.0,12103
345,45988.0,12105
346,47132.0,12111
347,37385.0,12043
348,37966.0,12051
349,49009.0,12061
350,36944.0,12063
351,57256.0,12099
352,73640.0,12109
353,60739.0,12117
354,46338.0,12086
355,50283.0,12005
356,51049.0,12035
357,41267.0,12037
358,44647.0,12045
359,36209.0,12047
360,36741.0,12077
361,47343.0,12097
362,54771.0,12119
363,50619.0,12131
364,39830.0,12039
365,37474.0,12059
366,47599.0,12065
367,52052.0,12071
368,41964.0,12083
369,39063.0,12049
370,62407.0,12021
371,39059.0,12093
372,51586.0,12095
373,45478.0,12001
374,48289.0,12101
375,42934.0,12041
376,36374.0,12055
377,40600.0,12121
378,35435.0,12027
379,36237.0,12013
380,46511.0,12015
381,43504.0,12023
382,35910.0,12029
383,55588.0,12085
384,33619.0,12107
385,55236.0,12115
386,37460.0,12125
387,23315.0,13061
388,34315.0,13101
389,47546.0,13127
390,55876.0,13089
391,43663.0,13143
392,37711.0,13181
393,57999.0,13157
394,29640.0,13163
395,55110.0,13169
396,41617.0,13213
397,43239.0,13215
398,38750.0,13235
399,39297.0,13241
400,22413.0,13259
401,41182.0,13281
402,39375.0,13283
403,42622.0,13287
404,34677.0,13155
405,33063.0,13003
406,37089.0,13001
407,38824.0,13005
408,36812.0,13025
409,43871.0,13313
410,29617.0,13037
411,30851.0,13193
412,43597.0,13285
413,38183.0,13021
414,69539.0,13145
415,39015.0,13197
416,41267.0,13249
417,40369.0,13321
418,40688.0,13023
419,33389.0,13093
420,38736.0,13109
421,39246.0,13119
422,36658.0,13307
423,64279.0,13103
424,41157.0,13171
425,45273.0,13125
426,33089.0,13107
427,26750.0,13239
428,52215.0,13051
429,43493.0,13179
430,42067.0,13159
431,36423.0,13167
432,31109.0,13173
433,47653.0,13195
434,34122.0,13205
435,33999.0,13253
436,38728.0,13277
437,30629.0,13289
438,40652.0,13233
439,37226.0,13263
440,29875.0,13269
441,32219.0,13273
442,41336.0,13275
443,35750.0,13279
444,38711.0,13319
445,32344.0,13017
446,38707.0,13033
447,54537.0,13047
448,46096.0,13053
449,35718.0,13055
450,74162.0,13073
451,36934.0,13087
452,46096.0,13115
453,96445.0,13117
454,44474.0,13137
455,41216.0,13147
456,39911.0,13185
457,43285.0,13191
458,36368.0,13199
459,50666.0,13207
460,48340.0,13237
461,34219.0,13261
462,30500.0,13265
463,32860.0,13301
464,43867.0,13007
465,68589.0,13029
466,39655.0,13035
467,33125.0,13043
468,53687.0,13039
469,46844.0,13045
470,41032.0,13079
471,29493.0,13099
472,33194.0,13081
473,36572.0,13069
474,67570.0,13077
475,72004.0,13067
476,46211.0,13123
477,43163.0,13083
478,55876.0,13297
479,34234.0,13317
480,34890.0,13027
481,35290.0,13091
482,43452.0,13129
483,35207.0,13105
484,75477.0,13057
485,84861.0,13113
486,27197.0,13165
487,65018.0,13177
488,52784.0,13217
489,61542.0,13227
490,45069.0,13133
491,34503.0,13071
492,35539.0,13075
493,62284.0,13085
494,29268.0,13141
495,44106.0,13063
496,61336.0,13121
497,55622.0,13139
498,43039.0,13187
499,40469.0,13189
500,37255.0,13201
501,59572.0,13211
502,44897.0,13149
503,77388.0,13219
504,34541.0,13095
505,43344.0,13111
506,64752.0,13151
507,55965.0,13153
508,35202.0,13175
509,53083.0,13183
510,42398.0,13255
511,39756.0,13257
512,28044.0,13271
513,42767.0,13291
514,35375.0,13293
515,38097.0,13303
516,43944.0,13311
517,43645.0,13225
518,63669.0,13223
519,39863.0,13229
520,52377.0,13231
521,39430.0,13245
522,36556.0,13251
523,36355.0,13267
524,38297.0,13019
525,43581.0,13295
526,64496.0,13135
527,56119.0,13013
528,43257.0,13049
529,21838.0,13065
530,52393.0,13015
531,59333.0,13097
532,39462.0,13131
533,37267.0,13161
534,40308.0,13209
535,43938.0,13221
536,30640.0,13243
537,54175.0,13247
538,36962.0,13299
539,41534.0,13305
540,28490.0,13309
541,35457.0,13315
542,37008.0,13009
543,42182.0,13011
544,39305.0,13031
545,34557.0,13059
546,56395.0,15001
547,80078.0,15003
548,72762.0,15009
549,72330.0,15007
550,61750.0,15005
551,43491.0,16071
552,48162.0,16031
553,42888.0,16045
554,46383.0,16063
555,54015.0,16085
556,42727.0,16003
557,51583.0,16041
558,51804.0,16069
559,46421.0,16053
560,53189.0,16055
561,40313.0,16061
562,48021.0,16067
563,49118.0,16083
564,36092.0,16073
565,58835.0,16013
566,49964.0,16015
567,39512.0,16021
568,43207.0,16023
569,58750.0,16029
570,42626.0,16047
571,60151.0,16001
572,47390.0,16005
573,50603.0,16007
574,51307.0,16011
575,54150.0,16019
576,36667.0,16025
577,46426.0,16027
578,41122.0,16035
579,58055.0,16051
580,43310.0,16057
581,37976.0,16037
582,36031.0,16059
583,48447.0,16075
584,43472.0,16009
585,45607.0,16017
586,31927.0,16033
587,45154.0,16039
588,51806.0,16043
589,33620.0,16065
590,39835.0,16079
591,40299.0,16049
592,55986.0,16081
593,47602.0,16077
594,37521.0,16087
595,51460.0,17067
596,56536.0,17119
597,71598.0,17063
598,56542.0,17091
599,55649.0,17131
600,84442.0,17043
601,58687.0,17167
602,31014.0,17003
603,62368.0,17129
604,49717.0,17157
605,49353.0,17137
606,59426.0,17031
607,57655.0,17141
608,49052.0,17115
609,46427.0,17177
610,46405.0,17191
611,46279.0,17193
612,69507.0,17203
613,39454.0,17055
614,47428.0,17071
615,42911.0,17109
616,82230.0,17111
617,64573.0,17113
618,53979.0,17139
619,45864.0,17145
620,41387.0,17149
621,41139.0,17151
622,51426.0,17161
623,51103.0,17163
624,49807.0,17173
625,49716.0,17185
626,49586.0,17019
627,53641.0,17013
628,50680.0,17035
629,50851.0,17053
630,55532.0,17085
631,74862.0,17089
632,89860.0,17093
633,44504.0,17101
634,56289.0,17009
635,44679.0,17121
636,55173.0,17123
637,44695.0,17125
638,48857.0,17075
639,50668.0,17021
640,47427.0,17025
641,42450.0,17059
642,36008.0,17077
643,74410.0,17133
644,53063.0,17143
645,46716.0,17181
646,51110.0,17201
647,67360.0,17147
648,34655.0,17153
649,47321.0,17169
650,52284.0,17175
651,47873.0,17045
652,54393.0,17005
653,62701.0,17007
654,54271.0,17011
655,50555.0,17015
656,41907.0,17029
657,47468.0,17033
658,56320.0,17083
659,64741.0,17155
660,55411.0,17039
661,44541.0,17051
662,58319.0,17103
663,58271.0,17107
664,53890.0,17117
665,46454.0,17159
666,40722.0,17165
667,54520.0,17189
668,47807.0,17135
669,51969.0,17195
670,48454.0,17001
671,64543.0,17027
672,58343.0,17037
673,49632.0,17047
674,56523.0,17079
675,46109.0,17081
676,44930.0,17183
677,80782.0,17197
678,48600.0,17199
679,52068.0,17023
680,52261.0,17041
681,54655.0,17049
682,48599.0,17057
683,44502.0,17061
684,47293.0,17065
685,39524.0,17069
686,55755.0,17073
687,45743.0,17087
688,41972.0,17095
689,82613.0,17097
690,54339.0,17105
691,42168.0,17127
692,48542.0,17171
693,60874.0,17179
694,50156.0,17017
695,47278.0,17187
696,54693.0,17099
697,45689.0,18105
698,46669.0,18045
699,52449.0,18039
700,45526.0,18149
701,40067.0,18025
702,45558.0,18017
703,49648.0,18055
704,44869.0,18097
705,41813.0,18177
706,42046.0,18053
707,50924.0,18021
708,74245.0,18063
709,57307.0,18037
710,55588.0,18047
711,70973.0,18059
712,49080.0,18071
713,47958.0,18067
714,58359.0,18115
715,48315.0,18119
716,44643.0,18121
717,44985.0,18135
718,57041.0,18183
719,49183.0,18007
720,59292.0,18013
721,51659.0,18023
722,55295.0,18133
723,45531.0,18161
724,46861.0,18175
725,48355.0,18027
726,62905.0,18029
727,46131.0,18065
728,44837.0,18083
729,49985.0,18093
730,45432.0,18095
731,49689.0,18123
732,50196.0,18125
733,47633.0,18131
734,60992.0,18129
735,52749.0,18151
736,58950.0,18171
737,45440.0,18165
738,53038.0,18179
739,59451.0,18043
740,51091.0,18003
741,52270.0,18031
742,41208.0,18035
743,46666.0,18103
744,50722.0,18077
745,48362.0,18079
746,65272.0,18081
747,60317.0,18109
748,51149.0,18051
749,52193.0,18111
750,42803.0,18117
751,48121.0,18141
752,57190.0,18085
753,51869.0,18099
754,43468.0,18155
755,44815.0,18163
756,40622.0,18009
757,56188.0,18015
758,49243.0,18143
759,53897.0,18061
760,50063.0,18069
761,49921.0,18091
762,49052.0,18169
763,51404.0,18181
764,56574.0,18073
765,42878.0,18075
766,49372.0,18101
767,65979.0,18127
768,57216.0,18145
769,53698.0,18137
770,55280.0,18147
771,45031.0,18153
772,53931.0,18159
773,50486.0,18157
774,42030.0,18167
775,66080.0,18173
776,90582.0,18057
777,51374.0,18033
778,58336.0,18087
779,57331.0,18005
780,47955.0,18139
781,75591.0,18011
782,47108.0,18049
783,52559.0,18089
784,53075.0,18107
785,52393.0,18113
786,48290.0,18001
787,52834.0,18019
788,41476.0,18041
789,60534.0,19055
790,44516.0,19101
791,42434.0,19185
792,47895.0,19005
793,62702.0,19113
794,57681.0,19163
795,82719.0,19049
796,56314.0,19141
797,64061.0,19011
798,53937.0,19023
799,59150.0,19061
800,54430.0,19071
801,55836.0,19079
802,45969.0,19151
803,46825.0,19173
804,47597.0,19175
805,47197.0,19177
806,50880.0,19195
807,50642.0,19159
808,49745.0,19003
809,49477.0,19001
810,48750.0,19009
811,50688.0,19037
812,49718.0,19039
813,52390.0,19051
814,59889.0,19059
815,51978.0,19093
816,59965.0,19103
817,48399.0,19107
818,50179.0,19135
819,56110.0,19171
820,43329.0,19179
821,66022.0,19167
822,48172.0,19069
823,46302.0,19025
824,54563.0,19027
825,62555.0,19031
826,50569.0,19033
827,48607.0,19067
828,52529.0,19073
829,52207.0,19083
830,54393.0,19115
831,47325.0,19117
832,62012.0,19119
833,50072.0,19189
834,50470.0,19147
835,55638.0,19165
836,40377.0,19007
837,52275.0,19087
838,58077.0,19095
839,56363.0,19099
840,46708.0,19145
841,60788.0,19191
842,51456.0,19157
843,56291.0,19155
844,52752.0,19127
845,51114.0,19043
846,57906.0,19015
847,65440.0,19017
848,52784.0,19021
849,51422.0,19089
850,47419.0,19063
851,56306.0,19077
852,57840.0,19081
853,48847.0,19091
854,60077.0,19121
855,57917.0,19125
856,59157.0,19183
857,48935.0,19197
858,45637.0,19029
859,53998.0,19035
860,51091.0,19047
861,47524.0,19057
862,48412.0,19065
863,57558.0,19085
864,54868.0,19109
865,67949.0,19129
866,41598.0,19133
867,56398.0,19139
868,53604.0,19143
869,63530.0,19153
870,42148.0,19187
871,52671.0,19169
872,51350.0,19193
873,50916.0,19013
874,65170.0,19075
875,51806.0,19097
876,58391.0,19105
877,48266.0,19111
878,53675.0,19131
879,43674.0,19137
880,71514.0,19181
881,53254.0,19161
882,50568.0,19123
883,61316.0,19149
884,59348.0,19019
885,48978.0,19041
886,50295.0,19045
887,41042.0,19053
888,45357.0,20183
889,57474.0,20067
890,53592.0,20085
891,57593.0,20095
892,49926.0,20109
893,41101.0,20021
894,53368.0,20131
895,64410.0,20149
896,42783.0,20209
897,62324.0,20015
898,55434.0,20027
899,48693.0,20105
900,49728.0,20169
901,52695.0,20191
902,55197.0,20195
903,58947.0,20197
904,44468.0,20205
905,36493.0,20207
906,44591.0,20123
907,48412.0,20135
908,42173.0,20141
909,46640.0,20005
910,39379.0,20011
911,51703.0,20055
912,48160.0,20075
913,48226.0,20097
914,70022.0,20103
915,54667.0,20177
916,52030.0,20181
917,42222.0,20187
918,52465.0,20193
919,54167.0,20119
920,43977.0,20125
921,50338.0,20127
922,53415.0,20151
923,50893.0,20153
924,48352.0,20163
925,40986.0,20003
926,46094.0,20025
927,48550.0,20053
928,46096.0,20061
929,48059.0,20077
930,49890.0,20057
931,48427.0,20167
932,42992.0,20111
933,50420.0,20117
934,46224.0,20145
935,43031.0,20001
936,47167.0,20023
937,51563.0,20033
938,46624.0,20035
939,39405.0,20049
940,50817.0,20063
941,53167.0,20059
942,55687.0,20079
943,55345.0,20083
944,43125.0,20089
945,51439.0,20093
946,48333.0,20159
947,47121.0,20185
948,56946.0,20113
949,54186.0,20139
950,47045.0,20071
951,58662.0,20031
952,38017.0,20037
953,49562.0,20051
954,41648.0,20073
955,45706.0,20099
956,46576.0,20107
957,52841.0,20173
958,47535.0,20175
959,43489.0,20157
960,43427.0,20065
961,81121.0,20091
962,54370.0,20045
963,56607.0,20179
964,63501.0,20121
965,61220.0,20069
966,60000.0,20199
967,42772.0,20017
968,57500.0,20189
969,47992.0,20201
970,55109.0,20203
971,39531.0,20019
972,43813.0,20129
973,50673.0,20137
974,47897.0,20155
975,46070.0,20009
976,44199.0,20029
977,50300.0,20043
978,50229.0,20047
979,53780.0,20081
980,51765.0,20101
981,43594.0,20165
982,62198.0,20171
983,50212.0,20115
984,44402.0,20133
985,46964.0,20013
986,51797.0,20143
987,46806.0,20147
988,48428.0,20161
989,52075.0,20007
990,41230.0,20039
991,49663.0,20041
992,58935.0,20087
993,44620.0,21097
994,39362.0,21031
995,50998.0,21223
996,41114.0,21061
997,38036.0,21105
998,40458.0,21023
999,50268.0,21143
1000,55182.0,21179
1001,33715.0,21231
1002,32054.0,21135
1003,40005.0,21155
1004,47259.0,21221
1005,60604.0,21239
1006,72731.0,21015
1007,27861.0,21131
1008,55450.0,21113
1009,26061.0,21121
1010,32703.0,21127
1011,30293.0,21133
1012,43472.0,21139
1013,42894.0,21145
1014,32972.0,21195
1015,63171.0,21211
1016,34103.0,21235
1017,51681.0,21005
1018,44057.0,21027
1019,31196.0,21071
1020,53539.0,21073
1021,58674.0,21117
1022,19264.0,21147
1023,46674.0,21151
1024,29578.0,21153
1025,35594.0,21169
1026,22736.0,21189
1027,36411.0,21205
1028,44989.0,21213
1029,36455.0,21217
1030,51547.0,21049
1031,38248.0,21219
1032,38860.0,21039
1033,43345.0,21041
1034,31130.0,21053
1035,30692.0,21065
1036,50250.0,21077
1037,47906.0,21079
1038,47517.0,21089
1039,41095.0,21069
1040,57208.0,21037
1041,35095.0,21043
1042,29043.0,21063
1043,43881.0,21081
1044,52237.0,21111
1045,41720.0,21123
1046,40982.0,21141
1047,43082.0,21161
1048,47574.0,21167
1049,49706.0,21191
1050,30694.0,21201
1051,34660.0,21207
1052,68916.0,21215
1053,47843.0,21229
1054,38763.0,21011
1055,42988.0,21007
1056,39658.0,21009
1057,43076.0,21021
1058,37388.0,21087
1059,49135.0,21091
1060,24451.0,21095
1061,29239.0,21159
1062,51923.0,21093
1063,37930.0,21137
1064,44242.0,21149
1065,35665.0,21171
1066,41470.0,21183
1067,34647.0,21197
1068,42139.0,21225
1069,39273.0,21233
1070,46182.0,21033
1071,39269.0,21035
1072,33031.0,21045
1073,41849.0,21047
1074,48371.0,21059
1075,35944.0,21085
1076,43458.0,21101
1077,50787.0,21103
1078,44048.0,21107
1079,32055.0,21109
1080,37235.0,21125
1081,49126.0,21157
1082,53732.0,21163
1083,42172.0,21173
1084,38900.0,21181
1085,92237.0,21185
1086,44031.0,21187
1087,35888.0,21203
1088,65598.0,21209
1089,49508.0,21227
1090,40598.0,21003
1091,47886.0,21017
1092,45543.0,21019
1093,59917.0,21029
1094,41114.0,21055
1095,53013.0,21067
1096,28274.0,21075
1097,35629.0,21115
1098,30503.0,21119
1099,39688.0,21165
1100,33523.0,21175
1101,40037.0,21177
1102,31820.0,21193
1103,35022.0,21199
1104,21999.0,21237
1105,24596.0,21051
1106,36575.0,21001
1107,23558.0,21013
1108,25861.0,21025
1109,35449.0,21057
1110,40369.0,21083
1111,37315.0,21099
1112,23297.0,21129
1113,49266.0,22113
1114,64707.0,22089
1115,52705.0,22057
1116,30028.0,22029
1117,21906.0,22107
1118,55647.0,22125
1119,40744.0,22053
1120,52055.0,22093
1121,40577.0,22043
1122,50868.0,22051
1123,47350.0,22011
1124,34077.0,22013
1125,52145.0,22015
1126,60194.0,22023
1127,46964.0,22037
1128,53628.0,22095
1129,49635.0,22075
1130,40081.0,22073
1131,42655.0,22079
1132,32962.0,22117
1133,32163.0,22097
1134,45901.0,22105
1135,40492.0,22001
1136,41345.0,22101
1137,37304.0,22123
1138,66539.0,22103
1139,38916.0,22111
1140,31933.0,22021
1141,40391.0,22017
1142,20795.0,22035
1143,74748.0,22005
1144,53950.0,22055
1145,31745.0,22039
1146,44504.0,22045
1147,34424.0,22061
1148,45265.0,22087
1149,35254.0,22091
1150,30891.0,22119
1151,60902.0,22121
1152,41443.0,22031
1153,47128.0,22047
1154,41510.0,22081
1155,60456.0,22063
1156,31672.0,22067
1157,29001.0,22069
1158,38721.0,22071
1159,47650.0,22109
1160,34470.0,22025
1161,48219.0,22019
1162,26877.0,22027
1163,34722.0,22041
1164,36763.0,22009
1165,48656.0,22007
1166,36394.0,22049
1167,51436.0,22033
1168,43964.0,22077
1169,34745.0,22083
1170,47279.0,22099
1171,46620.0,22115
1172,29472.0,22127
1173,40695.0,22085
1174,42176.0,22003
1175,29424.0,22065
1176,34712.0,22059
1177,51438.0,23009
1178,44582.0,23017
1179,54041.0,23015
1180,50162.0,23027
1181,47886.0,23019
1182,38797.0,23021
1183,49538.0,23001
1184,39021.0,23003
1185,40328.0,23029
1186,65702.0,23005
1187,53117.0,23013
1188,60457.0,23023
1189,62618.0,23031
1190,50116.0,23011
1191,45541.0,23007
1192,41549.0,23025
1193,59458.0,24047
1194,46641.0,24510
1195,39239.0,24039
1196,65595.0,24041
1197,83445.0,24025
1198,42771.0,24001
1199,115576.0,24027
1200,78607.0,24033
1201,94502.0,24003
1202,71810.0,24005
1203,88502.0,24021
1204,100350.0,24009
1205,48174.0,24023
1206,56638.0,24029
1207,103178.0,24031
1208,90510.0,24013
1209,89241.0,24035
1210,86508.0,24037
1211,93973.0,24017
1212,50532.0,24019
1213,58260.0,24043
1214,54493.0,24045
1215,70516.0,24015
1216,52469.0,24011
1217,61242.0,25025
1218,68048.0,25001
1219,67535.0,25007
1220,92878.0,25017
1221,55190.0,25003
1222,62514.0,25005
1223,52205.0,25013
1224,82081.0,25023
1225,73533.0,25009
1226,57307.0,25011
1227,95668.0,25021
1228,69313.0,25027
1229,64974.0,25015
1230,91942.0,25019
1231,47132.0,26021
1232,38149.0,26129
1233,36833.0,26135
1234,42793.0,26165
1235,42666.0,26039
1236,64903.0,26037
1237,45681.0,26043
1238,42256.0,26057
1239,45191.0,26063
1240,49109.0,26065
1241,51339.0,26091
1242,45524.0,26105
1243,44480.0,26109
1244,44651.0,26117
1245,42370.0,26113
1246,47856.0,26149
1247,53641.0,26147
1248,49119.0,26159
1249,65618.0,26161
1250,39947.0,26011
1251,57312.0,26015
1252,50699.0,26027
1253,36773.0,26071
1254,53185.0,26019
1255,37834.0,26143
1256,37428.0,26153
1257,43702.0,26163
1258,48192.0,26023
1259,58229.0,26055
1260,49715.0,26075
1261,42559.0,26097
1262,45231.0,26049
1263,50988.0,26009
1264,41379.0,26061
1265,78430.0,26093
1266,41414.0,26069
1267,32309.0,26085
1268,44882.0,26101
1269,39152.0,26119
1270,43758.0,26141
1271,40871.0,26051
1272,51945.0,26077
1273,43470.0,26107
1274,48491.0,26103
1275,45645.0,26123
1276,41099.0,26133
1277,50823.0,26137
1278,46213.0,26025
1279,42876.0,26031
1280,41221.0,26095
1281,57302.0,26081
1282,58175.0,26099
1283,45034.0,26145
1284,50967.0,26155
1285,42757.0,26013
1286,45983.0,26017
1287,51567.0,26029
1288,59244.0,26045
1289,44639.0,26041
1290,36689.0,26053
1291,51475.0,26047
1292,44030.0,26033
1293,59479.0,26115
1294,58487.0,26005
1295,73369.0,26125
1296,46160.0,26059
1297,42647.0,26003
1298,46077.0,26121
1299,44382.0,26127
1300,62646.0,26089
1301,56186.0,26087
1302,35913.0,26035
1303,44417.0,26151
1304,41118.0,26083
1305,42771.0,26073
1306,36073.0,26131
1307,63962.0,26139
1308,45495.0,26157
1309,39424.0,26001
1310,40954.0,26007
1311,51980.0,26067
1312,43431.0,26079
1313,57117.0,26111
1314,52917.0,27167
1315,52500.0,27125
1316,45860.0,27001
1317,61409.0,27027
1318,50847.0,27043
1319,54211.0,27101
1320,57093.0,27045
1321,56604.0,27067
1322,56078.0,27075
1323,55393.0,27119
1324,56753.0,27133
1325,56273.0,27135
1326,60848.0,27143
1327,48889.0,27155
1328,50044.0,27165
1329,55884.0,27005
1330,71154.0,27053
1331,48299.0,27011
1332,55764.0,27015
1333,57601.0,27023
1334,50162.0,27021
1335,45638.0,27029
1336,62431.0,27049
1337,52941.0,27057
1338,67565.0,27059
1339,55122.0,27063
1340,53627.0,27091
1341,53700.0,27099
1342,53267.0,27105
1343,47285.0,27115
1344,72337.0,27109
1345,50524.0,27033
1346,93151.0,27139
1347,71078.0,27039
1348,61973.0,27157
1349,48909.0,27117
1350,53121.0,27035
1351,53034.0,27107
1352,77953.0,27171
1353,62593.0,27103
1354,58667.0,27041
1355,53727.0,27051
1356,52304.0,27069
1357,65500.0,27079
1358,42439.0,27087
1359,76747.0,27025
1360,51871.0,27127
1361,54645.0,27173
1362,49213.0,27153
1363,45923.0,27007
1364,53752.0,27013
1365,56837.0,27055
1366,50195.0,27073
1367,46943.0,27077
1368,55181.0,27111
1369,55189.0,27161
1370,50936.0,27137
1371,76796.0,27003
1372,59564.0,27145
1373,79995.0,27037
1374,51102.0,27081
1375,54181.0,27083
1376,57289.0,27089
1377,53737.0,27095
1378,56721.0,27129
1379,89598.0,27163
1380,58874.0,27017
1381,51903.0,27031
1382,50509.0,27065
1383,47131.0,27071
1384,59611.0,27093
1385,52855.0,27097
1386,53893.0,27113
1387,63311.0,27131
1388,58882.0,27147
1389,83895.0,27141
1390,45018.0,27159
1391,53574.0,27009
1392,93095.0,27019
1393,51174.0,27047
1394,52050.0,27061
1395,59869.0,27085
1396,58198.0,27121
1397,60301.0,27123
1398,57552.0,27149
1399,49556.0,27151
1400,53975.0,27169
1401,47518.0,28045
1402,30033.0,28125
1403,39351.0,28139
1404,34542.0,28019
1405,39555.0,28035
1406,38358.0,28057
1407,45019.0,28071
1408,25609.0,28055
1409,50274.0,28059
1410,43198.0,28087
1411,25210.0,28083
1412,32052.0,28143
1413,23340.0,28157
1414,24601.0,28021
1415,44684.0,28047
1416,26736.0,28065
1417,37591.0,28127
1418,41340.0,28075
1419,37308.0,28085
1420,33601.0,28123
1421,33313.0,28159
1422,28330.0,28163
1423,33815.0,28007
1424,40605.0,28009
1425,42388.0,28037
1426,28728.0,28027
1427,35271.0,28061
1428,38656.0,28067
1429,31077.0,28147
1430,39444.0,28095
1431,41865.0,28115
1432,28556.0,28133
1433,35634.0,28155
1434,38919.0,28003
1435,30359.0,28001
1436,34118.0,28025
1437,62595.0,28033
1438,36471.0,28031
1439,26188.0,28053
1440,33370.0,28013
1441,20330.0,28051
1442,30129.0,28005
1443,68600.0,28089
1444,30998.0,28091
1445,36672.0,28141
1446,35215.0,28153
1447,48029.0,28041
1448,41134.0,28093
1449,25671.0,28119
1450,28468.0,28011
1451,56129.0,28073
1452,45985.0,28081
1453,30949.0,28113
1454,30000.0,28135
1455,37697.0,28129
1456,46283.0,28131
1457,41635.0,28149
1458,37626.0,28023
1459,27016.0,28069
1460,34983.0,28097
1461,37348.0,28105
1462,36755.0,28099
1463,44734.0,28109
1464,35578.0,28079
1465,30808.0,28103
1466,61605.0,28121
1467,46233.0,28137
1468,29387.0,28151
1469,40432.0,28077
1470,35891.0,28107
1471,35374.0,28111
1472,37647.0,28161
1473,33579.0,28017
1474,43068.0,28015
1475,38046.0,28029
1476,47640.0,28039
1477,34876.0,28043
1478,41011.0,28049
1479,21779.0,28063
1480,37643.0,28101
1481,40076.0,28145
1482,32854.0,28117
1483,34984.0,29091
1484,37875.0,29035
1485,38880.0,29057
1486,41652.0,29115
1487,50689.0,29101
1488,42646.0,29105
1489,41715.0,29125
1490,41681.0,29161
1491,74199.0,29165
1492,42873.0,29187
1493,38664.0,29510
1494,56658.0,29003
1495,37878.0,29023
1496,43583.0,29033
1497,45707.0,29061
1498,43981.0,29087
1499,39674.0,29103
1500,33849.0,29181
1501,44098.0,29127
1502,43094.0,29139
1503,54503.0,29151
1504,40076.0,29207
1505,56193.0,29219
1506,37810.0,29221
1507,44056.0,29007
1508,55761.0,29043
1509,46517.0,29063
1510,43175.0,29077
1511,42889.0,29081
1512,52557.0,29107
1513,35066.0,29185
1514,38750.0,29001
1515,38848.0,29197
1516,42939.0,29199
1517,42034.0,29211
1518,50496.0,29029
1519,45216.0,29045
1520,45328.0,29097
1521,60765.0,29099
1522,47148.0,29111
1523,41207.0,29119
1524,33846.0,29143
1525,54935.0,29157
1526,44805.0,29167
1527,50161.0,29173
1528,57270.0,29177
1529,43292.0,29209
1530,40265.0,29179
1531,62931.0,29189
1532,41628.0,29201
1533,40638.0,29009
1534,41184.0,29011
1535,52005.0,29019
1536,35930.0,29039
1537,54216.0,29051
1538,37171.0,29055
1539,50687.0,29073
1540,36457.0,29093
1541,45929.0,29117
1542,38903.0,29121
1543,50897.0,29135
1544,32070.0,29149
1545,32468.0,29155
1546,43097.0,29159
1547,50959.0,29186
1548,31202.0,29203
1549,44754.0,29175
1550,33003.0,29067
1551,32348.0,29069
1552,53849.0,29071
1553,41089.0,29083
1554,50356.0,29089
1555,50652.0,29095
1556,41673.0,29109
1557,41461.0,29131
1558,51137.0,29169
1559,37028.0,29171
1560,39661.0,29213
1561,35571.0,29215
1562,48652.0,29021
1563,44975.0,29025
1564,53180.0,29027
1565,65352.0,29037
1566,57591.0,29049
1567,46547.0,29053
1568,41441.0,29059
1569,43777.0,29075
1570,34746.0,29085
1571,58603.0,29113
1572,32212.0,29133
1573,42011.0,29137
1574,46723.0,29145
1575,32021.0,29153
1576,45112.0,29163
1577,78380.0,29183
1578,43314.0,29129
1579,37484.0,29123
1580,31290.0,29229
1581,65675.0,29047
1582,41479.0,29217
1583,38829.0,29065
1584,41567.0,29195
1585,41370.0,29147
1586,48214.0,29227
1587,43186.0,29041
1588,41092.0,29079
1589,34776.0,29141
1590,35135.0,29223
1591,40791.0,29017
1592,49554.0,29031
1593,42593.0,29205
1594,45185.0,29225
1595,45259.0,29005
1596,45605.0,29013
1597,35097.0,29015
1598,53050.0,30017
1599,45269.0,30041
1600,39577.0,30015
1601,42454.0,30103
1602,42101.0,30071
1603,51136.0,30075
1604,36934.0,30053
1605,44920.0,30067
1606,39219.0,30085
1607,35506.0,30005
1608,46641.0,30051
1609,49761.0,30097
1610,66572.0,30083
1611,51060.0,30099
1612,50850.0,30079
1613,46735.0,30101
1614,29201.0,30035
1615,56806.0,30025
1616,53591.0,30019
1617,61998.0,30095
1618,43854.0,30037
1619,43281.0,30045
1620,40480.0,30093
1621,41235.0,30023
1622,64911.0,30043
1623,49063.0,30039
1624,46193.0,30055
1625,37222.0,30107
1626,47900.0,30057
1627,54709.0,30087
1628,51940.0,30091
1629,45347.0,30011
1630,59622.0,30021
1631,47276.0,30003
1632,55295.0,30007
1633,42582.0,30047
1634,60789.0,30049
1635,44597.0,30073
1636,57955.0,30111
1637,49412.0,30063
1638,44733.0,30081
1639,55267.0,30105
1640,46827.0,30013
1641,47110.0,30027
1642,47188.0,30033
1643,40117.0,30061
1644,46429.0,30069
1645,44352.0,30077
1646,36445.0,30089
1647,47132.0,30109
1648,59397.0,30031
1649,41343.0,30059
1650,56988.0,30009
1651,43880.0,30001
1652,51410.0,30029
1653,38156.0,30065
1654,48125.0,31069
1655,41607.0,31091
1656,44201.0,31123
1657,55536.0,31127
1658,63095.0,31159
1659,53173.0,31171
1660,52401.0,31043
1661,43831.0,31181
1662,46949.0,31003
1663,54568.0,31029
1664,52448.0,31023
1665,54167.0,31035
1666,41250.0,31005
1667,48836.0,31041
1668,49453.0,31061
1669,52223.0,31067
1670,61944.0,31081
1671,58625.0,31115
1672,46576.0,31095
1673,53207.0,31099
1674,45078.0,31101
1675,49865.0,31119
1676,58125.0,31135
1677,56408.0,31137
1678,65015.0,31155
1679,47975.0,31157
1680,58093.0,31179
1681,48864.0,31103
1682,43017.0,31105
1683,48072.0,31107
1684,55875.0,31111
1685,53536.0,31121
1686,55417.0,31139
1687,45375.0,31165
1688,50174.0,31021
1689,68284.0,31025
1690,50734.0,31039
1691,57036.0,31051
1692,44653.0,31057
1693,45833.0,31075
1694,47218.0,31077
1695,53807.0,31079
1696,44946.0,31085
1697,54605.0,31131
1698,42882.0,31145
1699,57208.0,31027
1700,46146.0,31045
1701,49564.0,31097
1702,58770.0,31033
1703,51238.0,31047
1704,46509.0,31071
1705,60714.0,31117
1706,45428.0,31125
1707,42176.0,31133
1708,57534.0,31167
1709,50270.0,31175
1710,49706.0,31183
1711,46750.0,31083
1712,59966.0,31185
1713,52000.0,31009
1714,55053.0,31019
1715,54876.0,31037
1716,53438.0,31049
1717,41582.0,31087
1718,50278.0,31113
1719,58679.0,31141
1720,63667.0,31143
1721,48151.0,31169
1722,56328.0,31013
1723,42773.0,31017
1724,51721.0,31001
1725,41209.0,31161
1726,55747.0,31109
1727,53854.0,31011
1728,42055.0,31129
1729,52361.0,31149
1730,55000.0,31007
1731,52090.0,31063
1732,48704.0,31163
1733,58640.0,31055
1734,46839.0,31147
1735,53648.0,31093
1736,52050.0,31089
1737,43400.0,31065
1738,61769.0,31073
1739,50932.0,31151
1740,75752.0,31153
1741,44701.0,31173
1742,66485.0,31177
1743,48750.0,31015
1744,53226.0,31031
1745,51748.0,31053
1746,56750.0,31059
1747,46914.0,32001
1748,61176.0,32005
1749,79865.0,32015
1750,52308.0,32027
1751,39405.0,32009
1752,67159.0,32011
1753,69324.0,32013
1754,39375.0,32021
1755,60358.0,32033
1756,76178.0,32007
1757,52971.0,32017
1758,44225.0,32023
1759,63607.0,32029
1760,58595.0,32031
1761,54882.0,32003
1762,49341.0,32510
1763,50920.0,32019
1764,60148.0,33005
1765,69856.0,33013
1766,61036.0,33009
1767,85619.0,33015
1768,65834.0,33001
1769,59419.0,33019
1770,75777.0,33011
1771,67805.0,33017
1772,45386.0,33007
1773,58139.0,33003
1774,91807.0,34025
1775,77027.0,34021
1776,89238.0,34037
1777,50000.0,34011
1778,106046.0,34035
1779,57365.0,34013
1780,65771.0,34029
1781,57514.0,34001
1782,81489.0,34015
1783,83133.0,34023
1784,63934.0,34033
1785,63339.0,34031
1786,62332.0,34009
1787,65037.0,34007
1788,91572.0,34003
1789,73376.0,34039
1790,75500.0,34041
1791,62681.0,34017
1792,110969.0,34019
1793,82839.0,34005
1794,107034.0,34027
1795,49686.0,35045
1796,26663.0,35037
1797,42145.0,35027
1798,42177.0,35005
1799,59285.0,35025
1800,57945.0,35049
1801,38240.0,35059
1802,29690.0,35051
1803,34008.0,35053
1804,35928.0,35041
1805,110190.0,35028
1806,33422.0,35039
1807,29168.0,35047
1808,43533.0,35035
1809,43428.0,35061
1810,35543.0,35057
1811,50386.0,35001
1812,36089.0,35006
1813,31439.0,35011
1814,26060.0,35019
1815,42047.0,35003
1816,31829.0,35023
1817,27602.0,35029
1818,30336.0,35031
1819,60345.0,35043
1820,35314.0,35055
1821,40470.0,35017
1822,41941.0,35009
1823,33042.0,35007
1824,60703.0,35015
1825,35096.0,35021
1826,26644.0,35033
1827,39114.0,35013
1828,51842.0,36095
1829,36593.0,36005
1830,57271.0,36067
1831,48033.0,36035
1832,52759.0,36019
1833,51601.0,36099
1834,63166.0,36083
1835,99608.0,36079
1836,50733.0,36033
1837,49077.0,36043
1838,61710.0,36069
1839,62008.0,36081
1840,50157.0,36101
1841,55587.0,36041
1842,52527.0,36115
1843,44304.0,36013
1844,52782.0,36047
1845,79781.0,36061
1846,57153.0,36107
1847,54664.0,36011
1848,49223.0,36073
1849,77548.0,36091
1850,88571.0,36087
1851,61093.0,36021
1852,51475.0,36049
1853,51656.0,36063
1854,89968.0,36119
1855,47921.0,36025
1856,55294.0,36031
1857,47449.0,36057
1858,105744.0,36059
1859,76244.0,36085
1860,48330.0,36089
1861,47810.0,36097
1862,56200.0,36109
1863,60222.0,36113
1864,48567.0,36017
1865,52451.0,36023
1866,75585.0,36027
1867,50322.0,36045
1868,55272.0,36055
1869,51316.0,36065
1870,92838.0,36103
1871,61652.0,36111
1872,55459.0,36121
1873,51251.0,36015
1874,53654.0,36051
1875,51755.0,36075
1876,51254.0,36077
1877,53214.0,36039
1878,53693.0,36117
1879,62293.0,36001
1880,45359.0,36003
1881,49064.0,36007
1882,45571.0,36009
1883,54006.0,36029
1884,58365.0,36053
1885,61315.0,36093
1886,53877.0,36105
1887,54033.0,36037
1888,51758.0,36123
1889,75146.0,36071
1890,32739.0,37165
1891,41541.0,37189
1892,33573.0,37083
1893,44281.0,37001
1894,32411.0,37177
1895,36989.0,37079
1896,45538.0,37087
1897,42534.0,37121
1898,41979.0,37041
1899,38944.0,37005
1900,40735.0,37027
1901,48649.0,37035
1902,40002.0,37045
1903,49391.0,37049
1904,32929.0,37065
1905,52089.0,37077
1906,50323.0,37085
1907,45713.0,37093
1908,50454.0,37089
1909,40532.0,37095
1910,55957.0,37097
1911,61695.0,37119
1912,33508.0,37131
1913,43526.0,37147
1914,46978.0,37159
1915,35246.0,37181
1916,38115.0,37039
1917,65758.0,37053
1918,70858.0,37179
1919,37173.0,37193
1920,48369.0,37067
1921,46187.0,37127
1922,44523.0,37003
1923,32396.0,37017
1924,55640.0,37055
1925,51584.0,37031
1926,35443.0,37185
1927,42095.0,37195
1928,31287.0,37015
1929,52481.0,37073
1930,36030.0,37075
1931,35969.0,37117
1932,40563.0,37115
1933,45211.0,37137
1934,44039.0,37143
1935,48412.0,37149
1936,43598.0,37151
1937,41700.0,37157
1938,44490.0,37169
1939,34557.0,37187
1940,68327.0,37029
1941,37070.0,37043
1942,44737.0,37051
1943,46626.0,37071
1944,49253.0,37081
1945,45078.0,37099
1946,54468.0,37125
1947,47264.0,37139
1948,32407.0,37155
1949,46017.0,37167
1950,35271.0,37173
1951,73577.0,37183
1952,37610.0,37199
1953,38123.0,37007
1954,59684.0,37037
1955,38776.0,37111
1956,48344.0,37069
1957,54610.0,37101
1958,37256.0,37103
1959,40659.0,37113
1960,44921.0,37145
1961,51164.0,37019
1962,44559.0,37175
1963,40293.0,37009
1964,41101.0,37013
1965,36261.0,37047
1966,37515.0,37107
1967,50782.0,37109
1968,38254.0,37123
1969,48162.0,37133
1970,65522.0,37135
1971,33607.0,37153
1972,38573.0,37161
1973,37765.0,37163
1974,39071.0,37171
1975,41126.0,37197
1976,37109.0,37011
1977,48464.0,37021
1978,40854.0,37023
1979,60716.0,37025
1980,39428.0,37033
1981,53493.0,37059
1982,45806.0,37057
1983,36679.0,37061
1984,56393.0,37063
1985,35806.0,37091
1986,49272.0,37105
1987,51457.0,37129
1988,49357.0,37141
1989,41766.0,37191
1990,71667.0,38013
1991,69622.0,38061
1992,60952.0,38097
1993,89874.0,38105
1994,91518.0,38007
1995,58357.0,38021
1996,60225.0,38043
1997,65505.0,38019
1998,64159.0,38101
1999,50875.0,38037
2000,61788.0,38049
2001,61393.0,38067
2002,65437.0,38091
2003,44500.0,38005
2004,56118.0,38041
2005,57463.0,38045
2006,65385.0,38059
2007,58026.0,38017
2008,68594.0,38025
2009,46581.0,38029
2010,46012.0,38051
2011,52417.0,38063
2012,60551.0,38077
2013,36170.0,38079
2014,50781.0,38099
2015,54700.0,38001
2016,58767.0,38009
2017,56237.0,38003
2018,55294.0,38027
2019,51410.0,38035
2020,79316.0,38053
2021,80337.0,38057
2022,63926.0,38055
2023,45996.0,38069
2024,62524.0,38073
2025,66023.0,38075
2026,40795.0,38085
2027,65435.0,38011
2028,67308.0,38015
2029,44018.0,38033
2030,57379.0,38047
2031,71500.0,38065
2032,54625.0,38095
2033,56088.0,38093
2034,55927.0,38071
2035,54223.0,38023
2036,59500.0,38031
2037,50272.0,38039
2038,60824.0,38081
2039,49750.0,38083
2040,61250.0,38087
2041,77328.0,38089
2042,54464.0,38103
2043,42002.0,39053
2044,49710.0,39077
2045,43251.0,39099
2046,37191.0,39009
2047,36320.0,39001
2048,38978.0,39145
2049,71595.0,39103
2050,42105.0,39105
2051,78848.0,39159
2052,54495.0,39021
2053,43562.0,39131
2054,49866.0,39125
2055,65032.0,39057
2056,52389.0,39061
2057,56319.0,39049
2058,45466.0,39087
2059,44708.0,39101
2060,40276.0,39115
2061,49460.0,39157
2062,54037.0,39169
2063,49767.0,39175
2064,49188.0,39015
2065,62188.0,39017
2066,51033.0,39043
2067,46223.0,39067
2068,51211.0,39083
2069,59747.0,39089
2070,44138.0,39139
2071,41541.0,39163
2072,51748.0,39019
2073,52831.0,39063
2074,64183.0,39025
2075,63424.0,39045
2076,55295.0,39039
2077,42333.0,39071
2078,58070.0,39069
2079,43161.0,39081
2080,53816.0,39133
2081,61161.0,39137
2082,46484.0,39013
2083,49997.0,39027
2084,44289.0,39047
2085,46477.0,39127
2086,60314.0,39129
2087,53051.0,39091
2088,62897.0,39097
2089,53291.0,39153
2090,43325.0,39119
2091,50370.0,39143
2092,57673.0,39149
2093,50974.0,39161
2094,46021.0,39167
2095,47593.0,39171
2096,59516.0,39011
2097,45498.0,39029
2098,50064.0,39037
2099,56193.0,39123
2100,57774.0,39051
2101,46404.0,39065
2102,43397.0,39079
2103,44820.0,39095
2104,52767.0,39117
2105,42171.0,39121
2106,52661.0,39135
2107,49153.0,39147
2108,50117.0,39151
2109,47905.0,39003
2110,43251.0,39031
2111,41726.0,39033
2112,100229.0,39041
2113,77104.0,39055
2114,42744.0,39059
2115,48073.0,39073
2116,61137.0,39085
2117,57052.0,39107
2118,45792.0,39141
2119,46275.0,39023
2120,46720.0,39035
2121,58728.0,39075
2122,54987.0,39093
2123,54568.0,39109
2124,43299.0,39111
2125,47045.0,39113
2126,45380.0,39155
2127,79397.0,39165
2128,58033.0,39173
2129,50893.0,39005
2130,43017.0,39007
2131,33366.0,40001
2132,37741.0,40133
2133,44805.0,40137
2134,44667.0,40025
2135,46362.0,40011
2136,47754.0,40019
2137,39931.0,40029
2138,54460.0,40053
2139,35898.0,40055
2140,62829.0,40073
2141,62081.0,40087
2142,38163.0,40091
2143,45671.0,40095
2144,51844.0,40099
2145,52372.0,40103
2146,41282.0,40105
2147,38472.0,40115
2148,61320.0,40131
2149,37455.0,40135
2150,59210.0,40145
2151,57432.0,40003
2152,57097.0,40151
2153,41626.0,40015
2154,60632.0,40027
2155,41329.0,40101
2156,38346.0,40107
2157,37106.0,40005
2158,41197.0,40013
2159,52930.0,40043
2160,46915.0,40059
2161,44067.0,40071
2162,59133.0,40083
2163,40465.0,40035
2164,52017.0,40143
2165,50388.0,40147
2166,69220.0,40017
2167,38264.0,40057
2168,38017.0,40061
2169,40539.0,40077
2170,39567.0,40111
2171,47683.0,40113
2172,49469.0,40139
2173,35933.0,40067
2174,35414.0,40127
2175,50724.0,40047
2176,42567.0,40049
2177,38636.0,40069
2178,44941.0,40121
2179,46689.0,40123
2180,51286.0,40129
2181,57602.0,40153
2182,39187.0,40021
2183,38234.0,40041
2184,50594.0,40045
2185,55527.0,40051
2186,39149.0,40119
2187,46159.0,40125
2188,47147.0,40037
2189,40728.0,40141
2190,51909.0,40149
2191,49962.0,40033
2192,38191.0,40075
2193,39253.0,40079
2194,34250.0,40089
2195,52056.0,40093
2196,45302.0,40097
2197,50762.0,40109
2198,48520.0,40039
2199,52571.0,40007
2200,49409.0,40085
2201,49625.0,40009
2202,38425.0,40063
2203,30298.0,40023
2204,45189.0,40065
2205,49569.0,40031
2206,47539.0,40081
2207,46460.0,40117
2208,53828.0,41047
2209,48688.0,41029
2210,44023.0,41019
2211,44826.0,41023
2212,48464.0,41031
2213,56032.0,41053
2214,72408.0,41005
2215,59152.0,41017
2216,49515.0,41043
2217,45061.0,41057
2218,58392.0,41071
2219,43765.0,41001
2220,40705.0,41033
2221,42531.0,41035
2222,50071.0,41059
2223,43291.0,41041
2224,54682.0,41003
2225,57449.0,41009
2226,41777.0,41013
2227,42074.0,41055
2228,48510.0,41065
2229,39504.0,41025
2230,47710.0,41039
2231,37112.0,41045
2232,44877.0,41063
2233,74033.0,41067
2234,33563.0,41069
2235,54386.0,41049
2236,49828.0,41007
2237,40848.0,41011
2238,42519.0,41015
2239,39831.0,41021
2240,57269.0,41027
2241,32769.0,41037
2242,60369.0,41051
2243,46228.0,41061
2244,69839.0,42045
2245,58267.0,42055
2246,53768.0,42119
2247,52161.0,42127
2248,48703.0,42009
2249,57071.0,42043
2250,37106.0,42053
2251,46132.0,42111
2252,61430.0,42089
2253,40649.0,42101
2254,61707.0,42133
2255,56702.0,42129
2256,45664.0,42013
2257,50900.0,42015
2258,44943.0,42021
2259,92417.0,42029
2260,59580.0,42011
2261,46765.0,42061
2262,46306.0,42063
2263,47188.0,42073
2264,46286.0,42087
2265,59309.0,42125
2266,65544.0,42041
2267,56333.0,42003
2268,63417.0,42103
2269,54182.0,42109
2270,52014.0,42115
2271,47179.0,42039
2272,48192.0,42049
2273,50007.0,42057
2274,50571.0,42067
2275,47642.0,42107
2276,55965.0,42131
2277,62661.0,42001
2278,47527.0,42005
2279,47990.0,42035
2280,51236.0,42025
2281,56466.0,42027
2282,44534.0,42097
2283,65390.0,42095
2284,40402.0,42023
2285,46487.0,42121
2286,53981.0,42007
2287,82031.0,42017
2288,48380.0,42069
2289,60116.0,42077
2290,45866.0,42083
2291,41632.0,42051
2292,44373.0,42031
2293,84791.0,42091
2294,45188.0,42033
2295,50972.0,42059
2296,57698.0,42075
2297,50634.0,42081
2298,49290.0,42079
2299,56250.0,42093
2300,45781.0,42123
2301,48395.0,42037
2302,66037.0,42019
2303,49876.0,42047
2304,45342.0,42065
2305,61492.0,42071
2306,47340.0,42085
2307,60847.0,42099
2308,41406.0,42105
2309,45519.0,42113
2310,50017.0,42117
2311,75463.0,44005
2312,69047.0,44003
2313,52530.0,44007
2314,74630.0,44001
2315,77862.0,44009
2316,47713.0,45003
2317,23331.0,45005
2318,39600.0,45071
2319,47500.0,45037
2320,37421.0,45023
2321,35838.0,45027
2322,34996.0,45029
2323,31129.0,45067
2324,41946.0,45085
2325,57482.0,45063
2326,43978.0,45073
2327,34035.0,45011
2328,56697.0,45015
2329,57882.0,45019
2330,36217.0,45031
2331,46967.0,45043
2332,33921.0,45069
2333,59394.0,45091
2334,45551.0,45007
2335,35286.0,45021
2336,38469.0,45025
2337,39196.0,45047
2338,39740.0,45053
2339,46475.0,45051
2340,46565.0,45055
2341,31963.0,45061
2342,34943.0,45075
2343,47575.0,45083
2344,35254.0,45001
2345,32330.0,45009
2346,60603.0,45013
2347,44010.0,45017
2348,30866.0,45033
2349,41885.0,45081
2350,52082.0,45079
2351,35551.0,45039
2352,32147.0,45049
2353,53739.0,45045
2354,50557.0,45057
2355,58685.0,45035
2356,43310.0,45041
2357,40580.0,45059
2358,40622.0,45065
2359,45332.0,45077
2360,37493.0,45087
2361,30976.0,45089
2362,57257.0,46003
2363,56276.0,46051
2364,48409.0,46123
2365,38041.0,46071
2366,57322.0,46099
2367,56449.0,46033
2368,53696.0,46069
2369,47500.0,46025
2370,46750.0,46049
2371,49583.0,46067
2372,58794.0,46077
2373,46623.0,46129
2374,30500.0,46017
2375,41773.0,46027
2376,43902.0,46037
2377,41190.0,46041
2378,52543.0,46043
2379,55972.0,46063
2380,59741.0,46065
2381,41674.0,46089
2382,51228.0,46109
2383,54677.0,46111
2384,60694.0,46119
2385,81849.0,46083
2386,50720.0,46059
2387,58467.0,46079
2388,49275.0,46081
2389,50029.0,46135
2390,52025.0,46029
2391,48995.0,46005
2392,44786.0,46019
2393,32260.0,46031
2394,48665.0,46035
2395,65380.0,46045
2396,51548.0,46021
2397,49882.0,46073
2398,45725.0,46007
2399,38873.0,46055
2400,63233.0,46117
2401,39432.0,46075
2402,54286.0,46093
2403,51597.0,46107
2404,54294.0,46125
2405,53807.0,46013
2406,44104.0,46023
2407,62448.0,46061
2408,60808.0,46087
2409,60948.0,46091
2410,31165.0,46095
2411,56233.0,46101
2412,50450.0,46105
2413,52245.0,46103
2414,26285.0,46121
2415,65434.0,46127
2416,50658.0,46097
2417,47113.0,46085
2418,35000.0,46137
2419,57969.0,46039
2420,52000.0,46115
2421,52923.0,46009
2422,50870.0,46015
2423,53473.0,46011
2424,48862.0,46047
2425,42679.0,46053
2426,61784.0,46057
2427,27804.0,46102
2428,38201.0,47017
2429,43740.0,47023
2430,36427.0,47039
2431,53419.0,47037
2432,33933.0,47087
2433,34353.0,47109
2434,31503.0,47135
2435,45407.0,47145
2436,46381.0,47011
2437,39786.0,47121
2438,42042.0,47063
2439,36118.0,47075
2440,41820.0,47083
2441,52080.0,47119
2442,40132.0,47173
2443,39092.0,47071
2444,53737.0,47125
2445,47398.0,47043
2446,40707.0,47129
2447,31919.0,47061
2448,36931.0,47123
2449,40415.0,47079
2450,32027.0,47029
2451,39692.0,47033
2452,40690.0,47041
2453,31993.0,47095
2454,52458.0,47093
2455,37092.0,47101
2456,39990.0,47107
2457,46837.0,47117
2458,38063.0,47131
2459,39368.0,47143
2460,31875.0,47151
2461,57212.0,47167
2462,47206.0,47001
2463,44386.0,47045
2464,32616.0,47049
2465,41315.0,47053
2466,50273.0,47065
2467,36686.0,47069
2468,55431.0,47105
2469,42307.0,47139
2470,62149.0,47149
2471,44275.0,47159
2472,37654.0,47185
2473,66123.0,47189
2474,42251.0,47163
2475,36576.0,47171
2476,36765.0,47177
2477,44180.0,47179
2478,36550.0,47183
2479,33702.0,47005
2480,40450.0,47007
2481,35377.0,47013
2482,47457.0,47015
2483,46614.0,47031
2484,57919.0,47047
2485,29619.0,47067
2486,38728.0,47073
2487,32994.0,47091
2488,42153.0,47103
2489,35533.0,47111
2490,51671.0,47127
2491,57424.0,47147
2492,46882.0,47051
2493,51172.0,47009
2494,56150.0,47021
2495,34625.0,47019
2496,40088.0,47057
2497,43925.0,47055
2498,35551.0,47097
2499,41522.0,47099
2500,44496.0,47113
2501,45366.0,47115
2502,36052.0,47133
2503,39313.0,47137
2504,61584.0,47165
2505,34299.0,47181
2506,41776.0,47169
2507,103543.0,47187
2508,47117.0,47003
2509,30801.0,47027
2510,38266.0,47059
2511,40994.0,47035
2512,48415.0,47157
2513,43631.0,47175
2514,35428.0,47025
2515,42711.0,47077
2516,39333.0,47081
2517,40998.0,47085
2518,45641.0,47089
2519,37802.0,47141
2520,51312.0,47153
2521,44473.0,47155
2522,44090.0,47161
2523,56131.0,48199
2524,43529.0,48207
2525,50855.0,48227
2526,44875.0,48289
2527,46318.0,48333
2528,46592.0,48337
2529,40180.0,48351
2530,49704.0,48365
2531,49390.0,48389
2532,33561.0,48403
2533,54961.0,48421
2534,37883.0,48437
2535,49319.0,48231
2536,41811.0,48063
2537,40678.0,48195
2538,66187.0,48187
2539,46863.0,48077
2540,64427.0,48205
2541,45970.0,48217
2542,40356.0,48293
2543,41482.0,48347
2544,50410.0,48369
2545,70608.0,48367
2546,26486.0,48377
2547,44609.0,48465
2548,33125.0,48109
2549,59528.0,48135
2550,53832.0,48169
2551,64886.0,48173
2552,49745.0,48185
2553,68350.0,48453
2554,90124.0,48085
2555,46472.0,48005
2556,46348.0,48087
2557,33534.0,48101
2558,62815.0,48209
2559,43712.0,48279
2560,59583.0,48295
2561,80938.0,48301
2562,44896.0,48321
2563,50543.0,48371
2564,52189.0,48395
2565,93269.0,48397
2566,49270.0,48401
2567,49161.0,48441
2568,37279.0,48447
2569,37398.0,48455
2570,41456.0,48471
2571,48038.0,48499
2572,56413.0,48019
2573,44601.0,48007
2574,40432.0,48075
2575,37500.0,48079
2576,42500.0,48081
2577,73655.0,48091
2578,50865.0,48099
2579,68679.0,48211
2580,33552.0,48225
2581,52469.0,48341
2582,45103.0,48349
2583,41852.0,48375
2584,32394.0,48405
2585,54565.0,48415
2586,46685.0,48417
2587,27133.0,48427
2588,46786.0,48433
2589,52750.0,48461
2590,59185.0,48021
2591,43062.0,48049
2592,31324.0,48191
2593,45415.0,48025
2594,43967.0,48159
2595,37382.0,48163
2596,63935.0,48103
2597,54467.0,48281
2598,42367.0,48307
2599,40949.0,48319
2600,43088.0,48125
2601,55741.0,48287
2602,62532.0,48439
2603,42313.0,48001
2604,67371.0,48139
2605,58504.0,48239
2606,48698.0,48265
2607,41768.0,48331
2608,42419.0,48093
2609,38834.0,48145
2610,24794.0,48047
2611,62614.0,48015
2612,24800.0,48261
2613,53317.0,48355
2614,50241.0,48089
2615,53332.0,48409
2616,48308.0,48379
2617,65564.0,48381
2618,36493.0,48385
2619,40301.0,48411
2620,63432.0,48413
2621,50000.0,48431
2622,25988.0,48507
2623,58788.0,48057
2624,67010.0,48065
2625,50000.0,48155
2626,45890.0,48161
2627,56737.0,48175
2628,46611.0,48193
2629,37995.0,48197
2630,52194.0,48335
2631,46980.0,48449
2632,42500.0,48045
2633,51708.0,48285
2634,48344.0,48291
2635,42441.0,48445
2636,59081.0,48497
2637,47013.0,48143
2638,76426.0,48039
2639,40598.0,48345
2640,44429.0,48129
2641,55194.0,48013
2642,40804.0,48083
2643,42019.0,48353
2644,26346.0,48229
2645,59305.0,48325
2646,63333.0,48475
2647,44888.0,48213
2648,48644.0,48203
2649,37917.0,48327
2650,42198.0,48277
2651,56941.0,48149
2652,79123.0,48491
2653,41095.0,48267
2654,71115.0,48317
2655,43267.0,48373
2656,50338.0,48391
2657,50061.0,48467
2658,51346.0,48055
2659,43913.0,48487
2660,59760.0,48383
2661,62500.0,48501
2662,46012.0,48189
2663,38121.0,48419
2664,35356.0,48387
2665,41226.0,48399
2666,43421.0,48407
2667,60996.0,48435
2668,49662.0,48451
2669,48796.0,48459
2670,55740.0,48469
2671,53506.0,48473
2672,50145.0,48481
2673,45776.0,48485
2674,71942.0,48493
2675,77708.0,48033
2676,49184.0,48219
2677,36938.0,48315
2678,37734.0,48323
2679,75815.0,48329
2680,52683.0,48181
2681,51480.0,48297
2682,50524.0,48299
2683,45067.0,48363
2684,47875.0,48147
2685,53051.0,48255
2686,50960.0,48123
2687,43907.0,48041
2688,40945.0,48059
2689,41432.0,48067
2690,58167.0,48165
2691,47970.0,48183
2692,48314.0,48179
2693,44004.0,48313
2694,49078.0,48303
2695,52829.0,48237
2696,63926.0,48257
2697,81023.0,48259
2698,48677.0,48035
2699,48767.0,48153
2700,53999.0,48029
2701,43523.0,48017
2702,74368.0,48071
2703,36157.0,48023
2704,52583.0,48027
2705,36095.0,48061
2706,80290.0,48121
2707,53667.0,48361
2708,50035.0,48233
2709,55793.0,48477
2710,40227.0,48343
2711,45862.0,48429
2712,55000.0,48495
2713,57791.0,48201
2714,70753.0,48003
2715,57173.0,48053
2716,56267.0,48171
2717,47516.0,48177
2718,53626.0,48113
2719,44922.0,48305
2720,71389.0,48311
2721,46351.0,48503
2722,34550.0,48505
2723,60458.0,48251
2724,60275.0,48221
2725,47832.0,48223
2726,46262.0,48309
2727,50120.0,48357
2728,56964.0,48269
2729,46319.0,48275
2730,44294.0,48073
2731,46696.0,48095
2732,42642.0,48119
2733,48462.0,48137
2734,32135.0,48133
2735,48601.0,48253
2736,46534.0,48243
2737,31403.0,48247
2738,41103.0,48249
2739,74323.0,48339
2740,45580.0,48111
2741,31384.0,48127
2742,40442.0,48479
2743,93645.0,48157
2744,68750.0,48011
2745,44643.0,48069
2746,63021.0,48235
2747,41700.0,48273
2748,29104.0,48489
2749,60027.0,48097
2750,38674.0,48107
2751,43201.0,48115
2752,45294.0,48151
2753,35443.0,48131
2754,52510.0,48051
2755,58500.0,48031
2756,41960.0,48241
2757,46315.0,48245
2758,34926.0,48271
2759,62426.0,48359
2760,51543.0,48117
2761,65702.0,48167
2762,43244.0,48141
2763,44601.0,48283
2764,79167.0,48393
2765,26063.0,48443
2766,44396.0,48457
2767,40781.0,48463
2768,50910.0,48483
2769,46283.0,48037
2770,63192.0,48009
2771,38906.0,48043
2772,52250.0,48263
2773,37097.0,48215
2774,50742.0,48423
2775,52346.0,48425
2776,52310.0,48105
2777,59312.0,49027
2778,66542.0,49045
2779,55175.0,49053
2780,50266.0,49025
2781,94952.0,49043
2782,46658.0,49019
2783,41750.0,49031
2784,52917.0,49033
2785,74552.0,49051
2786,47878.0,49001
2787,58835.0,49003
2788,45422.0,49021
2789,50928.0,49039
2790,50850.0,49041
2791,67042.0,49049
2792,62036.0,49057
2793,63000.0,49013
2794,42581.0,49037
2795,67922.0,49035
2796,67012.0,49047
2797,85000.0,49009
2798,75961.0,49011
2799,42444.0,49055
2800,46994.0,49007
2801,51852.0,49015
2802,86071.0,49029
2803,53812.0,49005
2804,51700.0,49017
2805,57590.0,49023
2806,52635.0,50021
2807,45664.0,50019
2808,66111.0,50013
2809,56584.0,50017
2810,66906.0,50007
2811,54899.0,50015
2812,56828.0,50027
2813,62214.0,50011
2814,47371.0,50005
2815,50831.0,50025
2816,52251.0,50003
2817,61875.0,50001
2818,38767.0,50009
2819,60602.0,50023
2820,55069.0,51036
2821,69693.0,51047
2822,54640.0,51053
2823,62952.0,51079
2824,84955.0,51085
2825,39537.0,51111
2826,67196.0,51137
2827,27426.0,51595
2828,46119.0,51197
2829,72214.0,51550
2830,50952.0,51570
2831,43009.0,51660
2832,72265.0,51003
2833,46927.0,51021
2834,59405.0,51019
2835,64733.0,51023
2836,46610.0,51029
2837,38255.0,51195
2838,37844.0,51520
2839,35546.0,51580
2840,48727.0,51740
2841,54606.0,51830
2842,70500.0,51810
2843,46020.0,51005
2844,41145.0,51035
2845,31311.0,51640
2846,44844.0,51191
2847,55688.0,51193
2848,56677.0,51133
2849,46140.0,51139
2850,49691.0,51155
2851,65353.0,51187
2852,93370.0,51510
2853,34951.0,51590
2854,57258.0,51630
2855,52021.0,51650
2856,49677.0,51009
2857,112138.0,51013
2858,44483.0,51017
2859,40712.0,51670
2860,30828.0,51027
2861,51082.0,51700
2862,71037.0,51069
2863,103005.0,51179
2864,41971.0,51680
2865,86781.0,51199
2866,42356.0,51760
2867,33545.0,51690
2868,53834.0,51125
2869,50629.0,51057
2870,44356.0,51143
2871,26971.0,51720
2872,46435.0,51790
2873,67964.0,51065
2874,58535.0,51007
2875,36082.0,51750
2876,49330.0,51840
2877,42260.0,51001
2878,53526.0,51045
2879,48396.0,51063
2880,49734.0,51071
2881,32048.0,51077
2882,38410.0,51135
2883,62541.0,51157
2884,40309.0,51185
2885,33672.0,51530
2886,114795.0,51610
2887,79131.0,51685
2888,33939.0,51730
2889,88328.0,51735
2890,44608.0,51183
2891,106870.0,51600
2892,42112.0,51820
2893,77551.0,51683
2894,41483.0,51770
2895,53990.0,51775
2896,68089.0,51800
2897,47137.0,51710
2898,38350.0,51037
2899,76969.0,51041
2900,117515.0,51059
2901,42121.0,51081
2902,67767.0,51093
2903,80772.0,51095
2904,40083.0,51167
2905,38760.0,51620
2906,40544.0,51173
2907,54739.0,51540
2908,37309.0,51678
2909,48823.0,51031
2910,66447.0,51087
2911,36779.0,51089
2912,84770.0,51099
2913,56946.0,51109
2914,67423.0,51101
2915,51495.0,51103
2916,32590.0,51105
2917,63622.0,51115
2918,50483.0,51119
2919,44147.0,51147
2920,68461.0,51149
2921,47341.0,51159
2922,57651.0,51165
2923,38725.0,51169
2924,81434.0,51177
2925,54656.0,51181
2926,54875.0,51011
2927,72129.0,51043
2928,51208.0,51067
2929,51495.0,51097
2930,41126.0,51117
2931,53424.0,51121
2932,78429.0,51127
2933,59544.0,51015
2934,43020.0,51049
2935,29916.0,51051
2936,86652.0,51075
2937,39233.0,51083
2938,129588.0,51107
2939,52287.0,51113
2940,101059.0,51153
2941,62134.0,51161
2942,53681.0,51175
2943,45094.0,51091
2944,40871.0,51025
2945,60925.0,51033
2946,63881.0,51073
2947,41468.0,51131
2948,37757.0,51141
2949,80441.0,51145
2950,53918.0,51163
2951,53934.0,51171
2952,94775.0,51061
2953,42598.0,53047
2954,53163.0,53037
2955,66113.0,53067
2956,63001.0,53005
2957,46250.0,53013
2958,67832.0,53011
2959,47483.0,53003
2960,48131.0,53001
2961,51399.0,53023
2962,53087.0,53045
2963,59263.0,53057
2964,47272.0,53065
2965,52159.0,53063
2966,49460.0,53043
2967,54975.0,53007
2968,51842.0,53031
2969,68336.0,53035
2970,83571.0,53033
2971,39895.0,53049
2972,49184.0,53051
2973,60271.0,53055
2974,53606.0,53059
2975,41574.0,53075
2976,47470.0,53077
2977,48002.0,53009
2978,49804.0,53015
2979,41081.0,53019
2980,51258.0,53039
2981,46387.0,53041
2982,55805.0,53017
2983,45483.0,53027
2984,61516.0,53029
2985,63881.0,53053
2986,49508.0,53069
2987,60275.0,53021
2988,52630.0,53071
2989,52382.0,53025
2990,56419.0,53073
2991,78020.0,53061
2992,48315.0,54033
2993,45777.0,54069
2994,41497.0,54085
2995,36279.0,54013
2996,46346.0,54065
2997,37075.0,54043
2998,42386.0,54081
2999,41266.0,54007
3000,59113.0,54079
3001,37516.0,54001
3002,37955.0,54005
3003,25595.0,54047
3004,38905.0,54099
3005,37644.0,54109
3006,41731.0,54035
3007,37763.0,54055
3008,39434.0,54097
3009,33390.0,54101
3010,59480.0,54003
3011,39297.0,54019
3012,40093.0,54023
3013,36575.0,54027
3014,35218.0,54089
3015,48835.0,54009
3016,44437.0,54017
3017,40483.0,54025
3018,42573.0,54031
3019,48158.0,54049
3020,40749.0,54057
3021,31227.0,54059
3022,43634.0,54029
3023,39793.0,54041
3024,42473.0,54051
3025,39037.0,54067
3026,37111.0,54075
3027,43294.0,54093
3028,40902.0,54095
3029,40094.0,54083
3030,37931.0,54087
3031,45916.0,54091
3032,38936.0,54105
3033,45537.0,54107
3034,34242.0,54015
3035,37175.0,54021
3036,38977.0,54053
3037,49624.0,54061
3038,36684.0,54063
3039,45152.0,54073
3040,40694.0,54103
3041,37816.0,54011
3042,72526.0,54037
3043,46859.0,54039
3044,37859.0,54045
3045,39554.0,54071
3046,46673.0,54077
3047,53410.0,55105
3048,49821.0,55119
3049,48412.0,55137
3050,44003.0,55001
3051,50110.0,55007
3052,55859.0,55065
3053,56479.0,55081
3054,66772.0,55093
3055,51603.0,55141
3056,41505.0,55003
3057,70662.0,55015
3058,47827.0,55037
3059,59215.0,55055
3060,57269.0,55059
3061,39855.0,55051
3062,49131.0,55019
3063,77768.0,55109
3064,55762.0,55083
3065,54203.0,55069
3066,54071.0,55135
3067,49257.0,55005
3068,43565.0,55113
3069,50276.0,55047
3070,45680.0,55099
3071,49052.0,55077
3072,44958.0,55075
3073,46784.0,55079
3074,58334.0,55101
3075,55128.0,55139
3076,54605.0,55033
3077,43356.0,55041
3078,60609.0,55045
3079,50522.0,55043
3080,41930.0,55107
3081,51751.0,55115
3082,56114.0,55117
3083,44122.0,55067
3084,38080.0,55078
3085,61523.0,55087
3086,49996.0,55123
3087,54753.0,55011
3088,63293.0,55021
3089,60320.0,55061
3090,54127.0,55063
3091,56775.0,55009
3092,52178.0,55035
3093,56509.0,55073
3094,52945.0,55085
3095,53551.0,55095
3096,54009.0,55121
3097,46592.0,55129
3098,81140.0,55133
3099,56038.0,55027
3100,58401.0,55127
3101,42720.0,55125
3102,47331.0,55023
3103,48817.0,55057
3104,51053.0,55071
3105,54447.0,55111
3106,73021.0,55131
3107,45891.0,55013
3108,55240.0,55017
3109,67631.0,55025
3110,56494.0,55029
3111,50730.0,55031
3112,57798.0,55039
3113,51108.0,55053
3114,60017.0,55049
3115,51470.0,55091
3116,80526.0,55089
3117,54620.0,55097
3118,48234.0,55103
3119,80178.0,56005
3120,63756.0,56023
3121,52415.0,56019
3122,59400.0,56025
3123,62879.0,56021
3124,62776.0,56009
3125,36793.0,56027
3126,80049.0,56039
3127,71083.0,56037
3128,47380.0,56031
3129,56455.0,56033
3130,51716.0,56003
3131,66944.0,56011
3132,60828.0,56029
3133,45816.0,56001
3134,57644.0,56007
3135,48422.0,56015
3136,54672.0,56041
3137,51362.0,56043
3138,48403.0,56017
3139,55013.0,56013
3140,84911.0,56035
3141,59605.0,56045
3142,8398748.0,360
